Model,MAE,RMSE,R²,Dir_Acc,IC,IC_pval
Ensemble (Val),0.007630212653021314,0.011495684694895654,-0.3263056602438561,0.5266666666666666,0.06834541655898485,0.012012320550142019
